"ID","Description","GeneRatio","BgRatio","RichFactor","FoldEnrichment","zScore","pvalue","p.adjust","qvalue","geneID","Count"
"GO:0051607","defense response to virus","25/104","305/18842",0.0819672131147541,14.8502522068096,18.1674889038417,1.48817551953887e-22,2.61770073886888e-19,2.18526826290182e-19,"STAT1/OAS3/RTP4/OAS2/BST2/OAS1/HERC5/GBP5/CXCL10/IFI6/RSAD2/IFITM1/IFIH1/ISG15/IFIT1/OASL/USP18/PARP9/IFI44L/MX1/IFI27/DDX60/IFIT3/IFIT2/GBP1",25
"GO:0009615","response to virus","27/104","400/18842",0.0675,12.2291826923077,16.9114622910865,4.10477475350845e-22,3.61014939571068e-19,3.0137688321812e-19,"STAT1/OAS3/RTP4/OAS2/BST2/OAS1/HERC5/GBP5/IFI44/CXCL10/IFI6/CCL8/RSAD2/IFITM1/IFIH1/ISG15/IFIT1/OASL/USP18/PARP9/IFI44L/MX1/IFI27/DDX60/IFIT3/IFIT2/GBP1",27
"GO:0045071","negative regulation of viral genome replication","11/104","48/18842",0.229166666666667,41.5188301282051,20.9399158630825,1.60509916134654e-15,9.41123141602856e-13,7.85653800027518e-13,"OAS3/OAS2/BST2/OAS1/RSAD2/IFITM1/IFIH1/ISG15/IFIT1/OASL/MX1",11
"GO:0048525","negative regulation of viral process","12/104","74/18842",0.162162162162162,29.3794178794179,18.2228949898782,6.87942145313933e-15,3.02522558401802e-12,2.52547182292878e-12,"STAT1/OAS3/OAS2/BST2/OAS1/RSAD2/IFITM1/IFIH1/ISG15/IFIT1/OASL/MX1",12
"GO:0045069","regulation of viral genome replication","12/104","77/18842",0.155844155844156,28.2347652347652,17.8402830830862,1.1365439656878e-14,3.99836167128968e-12,3.3378501729147e-12,"TOP2A/OAS3/OAS2/BST2/OAS1/RSAD2/IFITM1/IFIH1/ISG15/IFIT1/OASL/MX1",12
"GO:0050792","regulation of viral process","14/104","136/18842",0.102941176470588,18.6501696832579,15.3898682250669,2.41137676455261e-14,7.0693528814134e-12,5.90152734482612e-12,"TOP2A/STAT1/OAS3/OAS2/BST2/OAS1/LAMP3/RSAD2/IFITM1/IFIH1/ISG15/IFIT1/OASL/MX1",14
"GO:0019079","viral genome replication","13/104","110/18842",0.118181818181818,21.4113636363636,15.9949657716287,3.47331749974538e-14,7.63695685256515e-12,6.37536567387474e-12,"TOP2A/OAS3/OAS2/BST2/OAS1/CCL8/RSAD2/IFITM1/IFIH1/ISG15/IFIT1/OASL/MX1",13
"GO:1903900","regulation of viral life cycle","13/104","110/18842",0.118181818181818,21.4113636363636,15.9949657716287,3.47331749974538e-14,7.63695685256515e-12,6.37536567387474e-12,"TOP2A/OAS3/OAS2/BST2/OAS1/LAMP3/RSAD2/IFITM1/IFIH1/ISG15/IFIT1/OASL/MX1",13
"GO:0140374","antiviral innate immune response","11/104","73/18842",0.150684931506849,27.300052687039,16.7727590656156,2.25656585790742e-13,4.41033260451017e-11,3.6817653471121e-11,"OAS3/OAS2/OAS1/CXCL10/IFIH1/IFIT1/OASL/USP18/MX1/IFIT3/IFIT2",11
"GO:0070106","interleukin-27-mediated signaling pathway","6/104","10/18842",0.6,108.703846153846,25.3799064412298,5.04041822748924e-12,8.86609566215357e-10,7.40145623931314e-10,"STAT1/OAS3/OAS2/OAS1/OASL/MX1",6
"GO:0140888","interferon-mediated signaling pathway","11/104","105/18842",0.104761904761905,18.9800366300366,13.7639225585233,1.36614589763934e-11,2.18459148540691e-09,1.82370672459988e-09,"STAT1/OAS3/OAS2/OAS1/IFITM1/ISG15/OASL/USP18/PARP9/PARP14/IFI27",11
"GO:0016032","viral process","17/104","383/18842",0.0443864229765013,8.0416248242619,10.3723033917075,3.32571255676096e-11,4.87494032278544e-09,4.06962194445749e-09,"SIGLEC1/TOP2A/STAT1/OAS3/OAS2/BST2/OAS1/CCL8/LAMP3/RSAD2/IFITM1/IFIH1/ISG15/IFIT1/OASL/PARP9/MX1",17
"GO:0019058","viral life cycle","15/104","284/18842",0.0528169014084507,9.56900054171181,10.8400374411132,4.67103917551487e-11,6.32027531517743e-09,5.27619404845607e-09,"SIGLEC1/TOP2A/OAS3/OAS2/BST2/OAS1/CCL8/LAMP3/RSAD2/IFITM1/IFIH1/ISG15/IFIT1/OASL/MX1",15
"GO:0034340","response to type I interferon","11/104","122/18842",0.0901639344262295,16.3352774274905,12.659765388602,7.12249027064376e-11,8.94890027575884e-09,7.47058190041206e-09,"STAT1/OAS3/OAS2/OAS1/IFITM1/ISG15/IFIT1/OASL/USP18/MX1/IFI27",11
"GO:0140014","mitotic nuclear division","14/104","281/18842",0.0498220640569395,9.02641664385436,10.0990657926031,4.66905503219125e-10,5.47524520108294e-08,4.5707591367767e-08,"DLGAP5/BIRC5/KIF11/KIF4A/NCAPG/ANLN/TPX2/CENPF/BUB1B/NEK2/MKI67/BUB1/AURKA/UBE2C",14
"GO:0060337","type I interferon-mediated signaling pathway","9/104","80/18842",0.1125,20.3819711538462,12.9422682688046,5.60237327441539e-10,6.15910911856042e-08,5.14165178803255e-08,"STAT1/OAS3/OAS2/OAS1/IFITM1/ISG15/OASL/USP18/IFI27",9
"GO:0071357","cellular response to type I interferon","10/104","116/18842",0.0862068965517241,15.6183687002653,11.7655551406861,8.47723815931139e-10,8.77144818954632e-08,7.32244410664978e-08,"STAT1/OAS3/OAS2/OAS1/IFITM1/ISG15/IFIT1/OASL/USP18/IFI27",10
"GO:0000280","nuclear division","15/104","422/18842",0.0355450236966825,6.43980131243164,8.41979421404389,1.08240967548613e-08,1.05775478843339e-06,8.8301841947553e-07,"TOP2A/DLGAP5/BIRC5/KIF11/KIF4A/NCAPG/ANLN/TPX2/CENPF/BUB1B/NEK2/MKI67/BUB1/AURKA/UBE2C",15
"GO:0007088","regulation of mitotic nuclear division","9/104","120/18842",0.075,13.5879807692308,10.3057024800485,2.105777872315e-08,1.94950698810636e-06,1.62745713677531e-06,"DLGAP5/BIRC5/CENPF/BUB1B/NEK2/MKI67/BUB1/AURKA/UBE2C",9
"GO:0048285","organelle fission","15/104","470/18842",0.0319148936170213,5.78211947626841,7.82164606685254,4.50449614981868e-08,3.96170436376553e-06,3.30724848894582e-06,"TOP2A/DLGAP5/BIRC5/KIF11/KIF4A/NCAPG/ANLN/TPX2/CENPF/BUB1B/NEK2/MKI67/BUB1/AURKA/UBE2C",15
"GO:0051783","regulation of nuclear division","9/104","135/18842",0.0666666666666667,12.0782051282051,9.62368148440349,5.8789531415656e-08,4.92432313143519e-06,4.11084693357595e-06,"DLGAP5/BIRC5/CENPF/BUB1B/NEK2/MKI67/BUB1/AURKA/UBE2C",9
"GO:0000819","sister chromatid segregation","11/104","246/18842",0.0447154471544715,8.10123514696685,8.35215808525841,1.15113148362424e-07,8.84555164667065e-06,7.38430600347419e-06,"TOP2A/DLGAP5/BIRC5/KIF11/KIF4A/NCAPG/TPX2/CENPF/BUB1B/BUB1/UBE2C",11
"GO:0044772","mitotic cell cycle phase transition","14/104","434/18842",0.032258064516129,5.84429280397022,7.60639674871412,1.15660993674488e-07,8.84555164667065e-06,7.38430600347419e-06,"DLGAP5/BIRC5/ANLN/CCNB2/CENPF/BUB1B/NEK2/BUB1/CCNA2/FOXM1/AURKA/RRM2/MELK/UBE2C",14
"GO:0098813","nuclear chromosome segregation","12/104","315/18842",0.0380952380952381,6.9018315018315,7.86948948526706,1.69293277310265e-07,1.24077864495315e-05,1.03580755196412e-05,"TOP2A/DLGAP5/BIRC5/KIF11/KIF4A/NCAPG/TPX2/CENPF/BUB1B/NEK2/BUB1/UBE2C",12
"GO:0000070","mitotic sister chromatid segregation","10/104","205/18842",0.0487804878048781,8.83771106941839,8.40591907333745,2.00278543835763e-07,1.40915983442843e-05,1.17637292063533e-05,"DLGAP5/BIRC5/KIF11/KIF4A/NCAPG/TPX2/CENPF/BUB1B/BUB1/UBE2C",10
"GO:1905818","regulation of chromosome separation","7/104","82/18842",0.0853658536585366,15.4659943714822,9.78015703481306,3.44562179723029e-07,2.33109566974157e-05,1.94600907171508e-05,"DLGAP5/BIRC5/NCAPG/CENPF/BUB1B/BUB1/UBE2C",7
"GO:0007059","chromosome segregation","13/104","420/18842",0.030952380952381,5.6077380952381,7.11460951877048,5.42605199421975e-07,3.51809369607749e-05,2.93692032316693e-05,"TOP2A/DLGAP5/BIRC5/KIF11/KIF4A/NCAPG/TPX2/CENPF/BUB1B/NEK2/MKI67/BUB1/UBE2C",13
"GO:0051304","chromosome separation","7/104","88/18842",0.0795454545454545,14.4114947552448,9.39460644356892,5.60014914668389e-07,3.51809369607749e-05,2.93692032316693e-05,"DLGAP5/BIRC5/NCAPG/CENPF/BUB1B/BUB1/UBE2C",7
"GO:0032479","regulation of type I interferon production","8/104","137/18842",0.0583941605839416,10.579449747333,8.3835704448896,9.11270123492736e-07,5.34308049074574e-05,4.46042744656971e-05,"SIGLEC1/STAT1/OAS3/XAF1/OAS2/OAS1/IFIH1/ISG15",8
"GO:0032606","type I interferon production","8/104","137/18842",0.0583941605839416,10.579449747333,8.3835704448896,9.11270123492736e-07,5.34308049074574e-05,4.46042744656971e-05,"SIGLEC1/STAT1/OAS3/XAF1/OAS2/OAS1/IFIH1/ISG15",8
"GO:0035456","response to interferon-beta","5/104","34/18842",0.147058823529412,26.6430995475113,11.149251081668,1.13923720706915e-06,6.27124428999252e-05,5.23526272974451e-05,"STAT1/XAF1/BST2/OAS1/IFITM1",5
"GO:0071360","cellular response to exogenous dsRNA","4/104","15/18842",0.266666666666667,48.3128205128205,13.6565479607895,1.14087445866834e-06,6.27124428999252e-05,5.23526272974451e-05,"OAS3/OAS1/IFIH1/IFIT1",4
"GO:0010965","regulation of mitotic sister chromatid separation","6/104","69/18842",0.0869565217391304,15.7541806020067,9.14702419099142,2.21129098029286e-06,0.000117868510131368,9.8397158453223e-05,"DLGAP5/BIRC5/CENPF/BUB1B/BUB1/UBE2C",6
"GO:0034341","response to type II interferon","7/104","109/18842",0.0642201834862385,11.6349682427664,8.29569558347564,2.39123998901818e-06,0.000123711504137735,0.000103274915934377,"STAT1/BST2/GBP5/IFITM1/PARP9/PARP14/GBP1",7
"GO:0071359","cellular response to dsRNA","4/104","18/18842",0.222222222222222,40.2606837606838,12.4149559100958,2.52517118663033e-06,0.000126907889065222,0.000105943272341333,"OAS3/OAS1/IFIH1/IFIT1",4
"GO:0051306","mitotic sister chromatid separation","6/104","71/18842",0.0845070422535211,15.3104008667389,9.00003702635392,2.61841888351916e-06,0.000127938856003061,0.000106803928143545,"DLGAP5/BIRC5/CENPF/BUB1B/BUB1/UBE2C",6
"GO:0032728","positive regulation of interferon-beta production","5/104","42/18842",0.119047619047619,21.5682234432234,9.94144534684675,3.36295198490637e-06,0.000159876555174333,0.000133465661989883,"OAS3/OAS2/OAS1/IFIH1/ISG15",5
"GO:0035455","response to interferon-alpha","4/104","20/18842",0.2,36.2346153846154,11.7451529198449,3.96436745020089e-06,0.000183508482760615,0.000153193700637957,"BST2/OAS1/LAMP3/IFITM1",4
"GO:0060339","negative regulation of type I interferon-mediated signaling pathway","4/104","21/18842",0.19047619047619,34.5091575091575,11.4461342674192,4.87640777315927e-06,0.000219938494179158,0.000183605636803163,"OAS3/OAS1/ISG15/USP18",4
"GO:0032481","positive regulation of type I interferon production","6/104","80/18842",0.075,13.5879807692308,8.40559625152513,5.27805827637137e-06,0.000232102612703431,0.000193760297251002,"STAT1/OAS3/OAS2/OAS1/IFIH1/ISG15",6
"GO:0000086","G2/M transition of mitotic cell cycle","7/104","131/18842",0.0534351145038168,9.68100411039342,7.4278673175676,8.11166070544106e-06,0.000348010028801727,0.000290520325650585,"BIRC5/CENPF/NEK2/CCNA2/FOXM1/AURKA/MELK",7
"GO:0051983","regulation of chromosome segregation","7/104","140/18842",0.05,9.05865384615385,7.1299998381373,1.25355791546589e-05,0.000514119671539257,0.000429189396964342,"DLGAP5/BIRC5/NCAPG/CENPF/BUB1B/BUB1/UBE2C",7
"GO:0007051","spindle organization","8/104","195/18842",0.041025641025641,7.432741617357,6.72691523035442,1.25680192587766e-05,0.000514119671539257,0.000429189396964342,"DLGAP5/BIRC5/KIF11/KIF4A/TPX2/NEK2/ASPM/AURKA",8
"GO:0060759","regulation of response to cytokine stimulus","8/104","196/18842",0.0408163265306122,7.39481946624804,6.70456354274985,1.30436203364665e-05,0.000521448367541924,0.000435307425104565,"OAS3/OAS1/ADIPOQ/IFIH1/ISG15/USP18/PARP9/PARP14",8
"GO:0045088","regulation of innate immune response","12/104","482/18842",0.024896265560166,4.5105330354293,5.81657419290339,1.40439758687546e-05,0.000548963412291985,0.000458277107296202,"OAS3/OAS1/GBP5/RSAD2/IFIH1/LEP/ISG15/OASL/USP18/PARP9/PARP14/DDX60",12
"GO:0044839","cell cycle G2/M phase transition","7/104","146/18842",0.0479452054794521,8.6863804004215,6.94593922925166,1.64724379737173e-05,0.000618032923187406,0.000515936643335885,"BIRC5/CENPF/NEK2/CCNA2/FOXM1/AURKA/MELK",7
"GO:0032608","interferon-beta production","5/104","58/18842",0.0862068965517241,15.6183687002653,8.30664968577387,1.68904002145943e-05,0.000618032923187406,0.000515936643335885,"OAS3/OAS2/OAS1/IFIH1/ISG15",5
"GO:0032648","regulation of interferon-beta production","5/104","58/18842",0.0862068965517241,15.6183687002653,8.30664968577387,1.68904002145943e-05,0.000618032923187406,0.000515936643335885,"OAS3/OAS2/OAS1/IFIH1/ISG15",5
"GO:0007346","regulation of mitotic cell cycle","12/104","492/18842",0.024390243902439,4.41885553470919,5.72469421940028,1.72163804640039e-05,0.000618032923187406,0.000515936643335885,"DLGAP5/BIRC5/ANLN/CENPF/BUB1B/NEK2/MKI67/BUB1/FOXM1/AURKA/RRM2/UBE2C",12
"GO:0030071","regulation of mitotic metaphase/anaphase transition","6/104","100/18842",0.06,10.8703846153846,7.37281159946714,1.91544073416643e-05,0.000673852050279749,0.000562534699823614,"DLGAP5/BIRC5/CENPF/BUB1B/BUB1/UBE2C",6
"GO:1902099","regulation of metaphase/anaphase transition of cell cycle","6/104","103/18842",0.058252427184466,10.5537714712472,7.24314671972105,2.26707687983332e-05,0.000781919261103297,0.00065274968985913,"DLGAP5/BIRC5/CENPF/BUB1B/BUB1/UBE2C",6
"GO:0007091","metaphase/anaphase transition of mitotic cell cycle","6/104","104/18842",0.0576923076923077,10.4522928994083,7.20110676955121,2.39520216338324e-05,0.000810223193344446,0.000676377938850125,"DLGAP5/BIRC5/CENPF/BUB1B/BUB1/UBE2C",6
"GO:1905820","positive regulation of chromosome separation","4/104","31/18842",0.129032258064516,23.3771712158809,9.28938830484234,2.45716874646229e-05,0.000815501853778712,0.000680784588145958,"DLGAP5/BIRC5/NCAPG/UBE2C",4
"GO:0001960","negative regulation of cytokine-mediated signaling pathway","6/104","105/18842",0.0571428571428571,10.3527472527473,7.15963440704029,2.52909448055567e-05,0.000823829109499522,0.000687736218396717,"OAS3/OAS1/ADIPOQ/ISG15/USP18/PARP14",6
"GO:0039530","MDA-5 signaling pathway","3/104","11/18842",0.272727272727273,49.4108391608392,11.9649059405599,2.61009157149881e-05,0.00083475474077571,0.000696856984160926,"OAS3/IFIH1/DDX60",3
"GO:0044784","metaphase/anaphase transition of cell cycle","6/104","107/18842",0.0560747663551402,10.1592379583034,7.07833983389688,2.81495335547509e-05,0.000884196955764408,0.000738131565956344,"DLGAP5/BIRC5/CENPF/BUB1B/BUB1/UBE2C",6
"GO:0060761","negative regulation of response to cytokine stimulus","6/104","110/18842",0.0545454545454545,9.88216783216783,6.96033704481571,3.29193353563318e-05,0.00101587913845241,0.000848060439927661,"OAS3/OAS1/ADIPOQ/ISG15/USP18/PARP14",6
"GO:0031640","killing of cells of another organism","6/104","111/18842",0.0540540540540541,9.79313929313929,6.92200625671208,3.46460859361385e-05,0.00103292313833335,0.000862288847117097,"CXCL9/GBP5/CXCL10/CCL8/CXCL11/GBP1",6
"GO:0141061","disruption of cell in another organism","6/104","111/18842",0.0540540540540541,9.79313929313929,6.92200625671208,3.46460859361385e-05,0.00103292313833335,0.000862288847117097,"CXCL9/GBP5/CXCL10/CCL8/CXCL11/GBP1",6
"GO:0043330","response to exogenous dsRNA","4/104","35/18842",0.114285714285714,20.7054945054945,8.69297888816493,4.02015328504929e-05,0.00117857493806695,0.000983879619762063,"OAS3/OAS1/IFIH1/IFIT1",4
"GO:0033045","regulation of sister chromatid segregation","6/104","115/18842",0.0521739130434783,9.45250836120401,6.77341134911501,4.22953205795492e-05,0.00119995917579721,0.00100173127688406,"DLGAP5/BIRC5/CENPF/BUB1B/BUB1/UBE2C",6
"GO:0141060","disruption of anatomical structure in another organism","6/104","115/18842",0.0521739130434783,9.45250836120401,6.77341134911501,4.22953205795492e-05,0.00119995917579721,0.00100173127688406,"CXCL9/GBP5/CXCL10/CCL8/CXCL11/GBP1",6
"GO:0007100","mitotic centrosome separation","3/104","13/18842",0.230769230769231,41.8091715976331,10.9653589920179,4.48791953999022e-05,0.00120849808290559,0.00100885959465803,"KIF11/NEK2/AURKA",3
"GO:0051231","spindle elongation","3/104","13/18842",0.230769230769231,41.8091715976331,10.9653589920179,4.48791953999022e-05,0.00120849808290559,0.00100885959465803,"BIRC5/KIF11/KIF4A",3
"GO:0071639","positive regulation of monocyte chemotactic protein-1 production","3/104","13/18842",0.230769230769231,41.8091715976331,10.9653589920179,4.48791953999022e-05,0.00120849808290559,0.00100885959465803,"OAS3/OAS1/ADIPOQ",3
"GO:0071346","cellular response to type II interferon","5/104","71/18842",0.0704225352112676,12.7586673889491,7.39521155742708,4.53444419964575e-05,0.00120849808290559,0.00100885959465803,"STAT1/GBP5/PARP9/PARP14/GBP1",5
"GO:0001906","cell killing","8/104","238/18842",0.0336134453781513,6.08985132514544,5.8870461042349,5.23120772911046e-05,0.00137338722320975,0.00114650978509177,"CXCL9/GBP5/CXCL10/CCL8/CXCL11/IGHG1/LEP/GBP1",8
"GO:0043331","response to dsRNA","4/104","39/18842",0.102564102564103,18.5818540433925,8.18823744608787,6.20903381287556e-05,0.00160613095247766,0.00134080528931291,"OAS3/OAS1/IFIH1/IFIT1",4
"GO:0033044","regulation of chromosome organization","8/104","246/18842",0.032520325203252,5.89180737961226,5.75352705713548,6.59848499560101e-05,0.00168213552279162,0.00140425424391509,"DLGAP5/BIRC5/NCAPG/CENPF/BUB1B/NEK2/BUB1/UBE2C",8
"GO:0007096","regulation of exit from mitosis","3/104","15/18842",0.2,36.2346153846154,10.1702500435286,7.08270679531968e-05,0.00175471566943202,0.00146484447434707,"BIRC5/ANLN/UBE2C",3
"GO:0051299","centrosome separation","3/104","15/18842",0.2,36.2346153846154,10.1702500435286,7.08270679531968e-05,0.00175471566943202,0.00146484447434707,"KIF11/NEK2/AURKA",3
"GO:0001959","regulation of cytokine-mediated signaling pathway","7/104","184/18842",0.0380434782608696,6.89245401337793,5.98383481312393,7.22920653850672e-05,0.00176613531961574,0.00147437764930071,"OAS3/OAS1/ADIPOQ/ISG15/USP18/PARP9/PARP14",7
"GO:0060338","regulation of type I interferon-mediated signaling pathway","4/104","41/18842",0.0975609756097561,17.6754221388368,7.96315772261822,7.58027808291028e-05,0.001826535499704,0.00152479998928044,"OAS3/OAS1/ISG15/USP18",4
"GO:0002753","cytoplasmic pattern recognition receptor signaling pathway","7/104","191/18842",0.0366492146596859,6.63985098670963,5.83633590188907,9.13706095599193e-05,0.00211474871336708,0.00176540166670481,"OAS3/OAS1/GBP5/RSAD2/IFIH1/OASL/DDX60",7
"GO:0032640","tumor necrosis factor production","7/104","191/18842",0.0366492146596859,6.63985098670963,5.83633590188907,9.13706095599193e-05,0.00211474871336708,0.00176540166670481,"OAS3/OAS2/OAS1/ADIPOQ/CIDEA/IFIH1/LEP",7
"GO:0032680","regulation of tumor necrosis factor production","7/104","191/18842",0.0366492146596859,6.63985098670963,5.83633590188907,9.13706095599193e-05,0.00211474871336708,0.00176540166670481,"OAS3/OAS2/OAS1/ADIPOQ/CIDEA/IFIH1/LEP",7
"GO:0001819","positive regulation of cytokine production","11/104","499/18842",0.0220440881763527,3.99379528287344,5.04945163386937,9.76064802127534e-05,0.00222973764537965,0.00186139494048928,"STAT1/OAS3/OAS2/OAS1/SAA1/GBP5/ADIPOQ/RSAD2/IFIH1/LEP/ISG15",11
"GO:0007052","mitotic spindle organization","6/104","134/18842",0.0447761194029851,8.11222732491389,6.15533047784845,9.91657611666238e-05,0.00223631504989861,0.00186688578714494,"DLGAP5/BIRC5/KIF11/KIF4A/TPX2/AURKA",6
"GO:0071706","tumor necrosis factor superfamily cytokine production","7/104","196/18842",0.0357142857142857,6.47046703296703,5.73543850997327,0.00010736481153622,0.00236068379365265,0.0019707093696451,"OAS3/OAS2/OAS1/ADIPOQ/CIDEA/IFIH1/LEP",7
"GO:1903555","regulation of tumor necrosis factor superfamily cytokine production","7/104","196/18842",0.0357142857142857,6.47046703296703,5.73543850997327,0.00010736481153622,0.00236068379365265,0.0019707093696451,"OAS3/OAS2/OAS1/ADIPOQ/CIDEA/IFIH1/LEP",7
"GO:1901990","regulation of mitotic cell cycle phase transition","9/104","345/18842",0.0260869565217391,4.72625418060201,5.20401335808438,0.00012433590715005,0.00270008469971528,0.00225404276119973,"DLGAP5/BIRC5/ANLN/CENPF/BUB1B/BUB1/AURKA/RRM2/UBE2C",9
"GO:0071605","monocyte chemotactic protein-1 production","3/104","19/18842",0.157894736842105,28.6062753036437,8.96906602726566,0.00014843426363747,0.00314573337034107,0.00262607226092923,"OAS3/OAS1/ADIPOQ",3
"GO:0071637","regulation of monocyte chemotactic protein-1 production","3/104","19/18842",0.157894736842105,28.6062753036437,8.96906602726566,0.00014843426363747,0.00314573337034107,0.00262607226092923,"OAS3/OAS1/ADIPOQ",3
"GO:0045824","negative regulation of innate immune response","5/104","94/18842",0.0531914893617021,9.63686579378069,6.25388157029311,0.000172927161997,0.00362117711848481,0.00302297482438365,"OAS3/OAS1/ISG15/USP18/PARP14",5
"GO:1901987","regulation of cell cycle phase transition","10/104","459/18842",0.0217864923747277,3.94712585889056,4.76215864621503,0.000225777114037784,0.00467225815991131,0.0039004219700645,"DLGAP5/BIRC5/ANLN/CENPF/BUB1B/BUB1/AURKA/RRM2/PARP9/UBE2C",10
"GO:1901970","positive regulation of mitotic sister chromatid separation","3/104","22/18842",0.136363636363636,24.7054195804196,8.28812332490613,0.000233078518335557,0.00476726876456099,0.00397973724697799,"DLGAP5/BIRC5/UBE2C",3
"GO:0007094","mitotic spindle assembly checkpoint signaling","4/104","56/18842",0.0714285714285714,12.9409340659341,6.66687299679925,0.000258022784275586,0.00509912581377227,0.00425677299315539,"BIRC5/CENPF/BUB1B/BUB1",4
"GO:0071173","spindle assembly checkpoint signaling","4/104","56/18842",0.0714285714285714,12.9409340659341,6.66687299679925,0.000258022784275586,0.00509912581377227,0.00425677299315539,"BIRC5/CENPF/BUB1B/BUB1",4
"GO:0071174","mitotic spindle checkpoint signaling","4/104","56/18842",0.0714285714285714,12.9409340659341,6.66687299679925,0.000258022784275586,0.00509912581377227,0.00425677299315539,"BIRC5/CENPF/BUB1B/BUB1",4
"GO:1902850","microtubule cytoskeleton organization involved in mitosis","6/104","160/18842",0.0375,6.79399038461538,5.48318759712809,0.000260898989903072,0.00509912581377227,0.00425677299315539,"DLGAP5/BIRC5/KIF11/KIF4A/TPX2/AURKA",6
"GO:0031577","spindle checkpoint signaling","4/104","57/18842",0.0701754385964912,12.7139001349528,6.59842633311368,0.000276326245050451,0.00530326381933027,0.00442718831152014,"BIRC5/CENPF/BUB1B/BUB1",4
"GO:0000281","mitotic cytokinesis","5/104","104/18842",0.0480769230769231,8.71024408284024,5.87394946926673,0.000277373661954738,0.00530326381933027,0.00442718831152014,"BIRC5/KIF4A/ANLN/CEP55/KIF20A",5
"GO:0033046","negative regulation of sister chromatid segregation","4/104","58/18842",0.0689655172413793,12.4946949602122,6.53167300928595,0.000295543715038292,0.00541522286200371,0.00452065222015809,"BIRC5/CENPF/BUB1B/BUB1",4
"GO:0033048","negative regulation of mitotic sister chromatid segregation","4/104","58/18842",0.0689655172413793,12.4946949602122,6.53167300928595,0.000295543715038292,0.00541522286200371,0.00452065222015809,"BIRC5/CENPF/BUB1B/BUB1",4
"GO:0045841","negative regulation of mitotic metaphase/anaphase transition","4/104","58/18842",0.0689655172413793,12.4946949602122,6.53167300928595,0.000295543715038292,0.00541522286200371,0.00452065222015809,"BIRC5/CENPF/BUB1B/BUB1",4
"GO:2000816","negative regulation of mitotic sister chromatid separation","4/104","58/18842",0.0689655172413793,12.4946949602122,6.53167300928595,0.000295543715038292,0.00541522286200371,0.00452065222015809,"BIRC5/CENPF/BUB1B/BUB1",4
"GO:1902100","negative regulation of metaphase/anaphase transition of cell cycle","4/104","60/18842",0.0666666666666667,12.0782051282051,6.40296512938248,0.000336826144007175,0.00604568558478185,0.00504696531568216,"BIRC5/CENPF/BUB1B/BUB1",4
"GO:1905819","negative regulation of chromosome separation","4/104","60/18842",0.0666666666666667,12.0782051282051,6.40296512938248,0.000336826144007175,0.00604568558478185,0.00504696531568216,"BIRC5/CENPF/BUB1B/BUB1",4
"GO:0010458","exit from mitosis","3/104","25/18842",0.12,21.7407692307692,7.73084023765874,0.000343941172920087,0.00611103558753972,0.00510151978972378,"BIRC5/ANLN/UBE2C",3
"GO:0051985","negative regulation of chromosome segregation","4/104","61/18842",0.0655737704918033,11.8802017654477,6.340880044992,0.000358944195295732,0.00631382839525193,0.00527081213092154,"BIRC5/CENPF/BUB1B/BUB1",4
"GO:0030522","intracellular receptor signaling pathway","9/104","399/18842",0.0225563909774436,4.08661075766339,4.64258172297567,0.00036536243117168,0.00636309422208896,0.0053119394631005,"OAS3/OAS1/GBP5/SFRP1/RSAD2/IFIH1/LEP/OASL/DDX60",9
"GO:0060333","type II interferon-mediated signaling pathway","3/104","26/18842",0.115384615384615,20.9045857988166,7.56629367044971,0.000387247626067368,0.0066781232769853,0.00557492712449926,"STAT1/PARP9/PARP14",3
"GO:0042742","defense response to bacterium","8/104","322/18842",0.0248447204968944,4.5011944577162,4.72096416760462,0.000414485197923786,0.00707844138978583,0.00590911447218888,"OAS3/OAS2/OAS1/GBP5/IGHG1/ISG15/RNF213/GBP1",8
"GO:0045839","negative regulation of mitotic nuclear division","4/104","64/18842",0.0625,11.3233173076923,6.16299227277147,0.000431527014162468,0.00720046848370908,0.00601098323495656,"BIRC5/CENPF/BUB1B/BUB1",4
"GO:0039529","RIG-I signaling pathway","3/104","27/18842",0.111111111111111,20.1303418803419,7.41070506429757,0.000433911119541309,0.00720046848370908,0.00601098323495656,"OAS3/OASL/DDX60",3
"GO:0050995","negative regulation of lipid catabolic process","3/104","27/18842",0.111111111111111,20.1303418803419,7.41070506429757,0.000433911119541309,0.00720046848370908,0.00601098323495656,"CIDEC/CIDEA/PLIN1",3
"GO:0033047","regulation of mitotic sister chromatid segregation","4/104","65/18842",0.0615384615384615,11.1491124260355,6.10630743107781,0.00045788745727466,0.00747837158120153,0.00624297798137466,"BIRC5/CENPF/BUB1B/BUB1",4
"GO:0032760","positive regulation of tumor necrosis factor production","5/104","116/18842",0.0431034482758621,7.80918435013263,5.48035390112501,0.000459160961210782,0.00747837158120153,0.00624297798137466,"OAS3/OAS2/OAS1/IFIH1/LEP",5
"GO:0045931","positive regulation of mitotic cell cycle","5/104","117/18842",0.0427350427350427,7.74243918474688,5.45012022716632,0.000477578982420257,0.00770698559703882,0.00643382598238781,"DLGAP5/BIRC5/AURKA/RRM2/UBE2C",5
"GO:0090068","positive regulation of cell cycle process","7/104","252/18842",0.0277777777777778,5.03258547008547,4.80121532442318,0.000497007087454698,0.00794759515302557,0.00663468791386893,"DLGAP5/BIRC5/NCAPG/BUB1/AURKA/RRM2/UBE2C",7
"GO:1903557","positive regulation of tumor necrosis factor superfamily cytokine production","5/104","120/18842",0.0416666666666667,7.54887820512821,5.36152633193523,0.000536182481339774,0.00849680166375372,0.00709316796082489,"OAS3/OAS2/OAS1/IFIH1/LEP",5
"GO:0051281","positive regulation of release of sequestered calcium ion into cytosol","3/104","30/18842",0.1,18.1173076923077,6.99013602246282,0.000595088942807622,0.00927754317839666,0.00774493446268115,"CXCL9/CXCL10/CXCL11",3
"GO:0140694","membraneless organelle assembly","9/104","427/18842",0.0210772833723653,3.81863628175104,4.38908650968767,0.000595999078543958,0.00927754317839666,0.00774493446268115,"DLGAP5/BIRC5/KIF11/KIF4A/ANLN/TPX2/CENPF/NEK2/RNF213",9
"GO:0051784","negative regulation of nuclear division","4/104","70/18842",0.0571428571428571,10.3527472527473,5.84036476989324,0.000607161557182926,0.00936839630776112,0.0078207790606665,"BIRC5/CENPF/BUB1B/BUB1",4
"GO:0051225","spindle assembly","5/104","127/18842",0.0393700787401575,7.13279830405815,5.1662171131942,0.000693849935943476,0.0106128872810833,0.00885968568092585,"BIRC5/KIF11/KIF4A/TPX2/NEK2",5
"GO:0000910","cytokinesis","6/104","195/18842",0.0307692307692308,5.57455621301775,4.7837537541427,0.000744960939657298,0.0112635659615487,0.00940287514817659,"BIRC5/KIF4A/ANLN/CEP55/AURKA/KIF20A",6
"GO:0090307","mitotic spindle assembly","4/104","74/18842",0.0540540540540541,9.79313929313929,5.64622060435074,0.000749196826322457,0.0112635659615487,0.00940287514817659,"BIRC5/KIF11/KIF4A/TPX2",4
"GO:0061640","cytoskeleton-dependent cytokinesis","5/104","130/18842",0.0384615384615385,6.96819526627219,5.08699865425912,0.000771108833880889,0.0114947494813261,0.00959586818254986,"BIRC5/KIF4A/ANLN/CEP55/KIF20A",5
"GO:0002832","negative regulation of response to biotic stimulus","5/104","131/18842",0.0381679389312977,6.9150029359953,5.06114919805109,0.00079823623477399,0.011799138966113,0.00984997388332345,"OAS3/OAS1/ISG15/USP18/PARP14",5
"GO:0001818","negative regulation of cytokine production","8/104","371/18842",0.0215633423180593,3.9066970765084,4.2125837836217,0.00104399596067726,0.0153032407902608,0.0127752137293402,"SIGLEC1/OAS3/XAF1/BST2/OAS1/ADIPOQ/CIDEA/GBP1",8
"GO:0019915","lipid storage","4/104","82/18842",0.0487804878048781,8.83771106941839,5.29891295986661,0.0011011177597359,0.0157468791819142,0.0131455650392091,"CIDEC/CIDEA/LEP/RNF213",4
"GO:0062208","positive regulation of pattern recognition receptor signaling pathway","4/104","82/18842",0.0487804878048781,8.83771106941839,5.29891295986661,0.0011011177597359,0.0157468791819142,0.0131455650392091,"GBP5/RSAD2/OASL/DDX60",4
"GO:0098586","cellular response to virus","4/104","82/18842",0.0487804878048781,8.83771106941839,5.29891295986661,0.0011011177597359,0.0157468791819142,0.0131455650392091,"OAS1/CXCL10/IFI6/IFIH1",4
"GO:0002221","pattern recognition receptor signaling pathway","7/104","291/18842",0.0240549828178694,4.35811525244515,4.30096052168079,0.0011559692351805,0.0163979829409879,0.0136891093639796,"OAS3/OAS1/GBP5/RSAD2/IFIH1/OASL/DDX60",7
"GO:0034389","lipid droplet organization","3/104","39/18842",0.0769230769230769,13.9363905325444,6.0247478516411,0.00129216980763571,0.0181834135330497,0.0151795947928574,"CIDEC/CIDEA/RNF213",3
"GO:0019835","cytolysis","2/104","10/18842",0.2,36.2346153846154,8.30287193901032,0.00131919056532444,0.0182713086961079,0.0152529700673651,"GBP5/GBP1",2
"GO:0035634","response to stilbenoid","2/104","10/18842",0.2,36.2346153846154,8.30287193901032,0.00131919056532444,0.0182713086961079,0.0152529700673651,"CIDEA/USP18",2
"GO:0170062","nutrient storage","4/104","87/18842",0.0459770114942529,8.32979664014147,5.10505052657919,0.00137213637326859,0.0187803479482809,0.0156779183075622,"CIDEC/CIDEA/LEP/RNF213",4
"GO:0031348","negative regulation of defense response","7/104","300/18842",0.0233333333333333,4.22737179487179,4.19796066918395,0.001377296694331,0.0187803479482809,0.0156779183075622,"OAS3/OAS1/SAA1/ADIPOQ/ISG15/USP18/PARP14",7
"GO:0002758","innate immune response-activating signaling pathway","7/104","306/18842",0.0228758169934641,4.14448215183509,4.13151052999164,0.00154237681921306,0.0208695448076598,0.0174219891724876,"OAS3/OAS1/GBP5/RSAD2/IFIH1/OASL/DDX60",7
"GO:0045089","positive regulation of innate immune response","8/104","396/18842",0.0202020202020202,3.66006216006216,3.98561461969681,0.00157919282264276,0.0210888849311586,0.0176050952867756,"OAS3/OAS1/GBP5/RSAD2/IFIH1/OASL/PARP9/DDX60",8
"GO:0070269","pyroptotic inflammatory response","3/104","42/18842",0.0714285714285714,12.9409340659341,5.77153120367793,0.00160383105570649,0.0210888849311586,0.0176050952867756,"GBP5/IFI27/GBP1",3
"GO:0051256","mitotic spindle midzone assembly","2/104","11/18842",0.181818181818182,32.9405594405594,7.89421947687079,0.00160654382079321,0.0210888849311586,0.0176050952867756,"BIRC5/KIF4A",2
"GO:1900246","positive regulation of RIG-I signaling pathway","2/104","11/18842",0.181818181818182,32.9405594405594,7.89421947687079,0.00160654382079321,0.0210888849311586,0.0176050952867756,"OASL/DDX60",2
"GO:1901992","positive regulation of mitotic cell cycle phase transition","4/104","91/18842",0.043956043956044,7.9636517328825,4.960809492608,0.00162007002201235,0.0211089123608869,0.0176218142745204,"DLGAP5/BIRC5/RRM2/UBE2C",4
"GO:0030574","collagen catabolic process","3/104","43/18842",0.0697674418604651,12.6399821109123,5.69280350559004,0.0017172486737372,0.0219558999337367,0.0183288832815072,"MMP1/MMP13/MMP11",3
"GO:0045840","positive regulation of mitotic nuclear division","3/104","43/18842",0.0697674418604651,12.6399821109123,5.69280350559004,0.0017172486737372,0.0219558999337367,0.0183288832815072,"DLGAP5/AURKA/UBE2C",3
"GO:0045787","positive regulation of cell cycle","7/104","312/18842",0.0224358974358974,4.06478057199211,4.06673618877277,0.00172252085892874,0.0219558999337367,0.0183288832815072,"DLGAP5/BIRC5/NCAPG/BUB1/AURKA/RRM2/UBE2C",7
"GO:0070098","chemokine-mediated signaling pathway","4/104","95/18842",0.0421052631578947,7.62834008097166,4.82511560189576,0.00189757855544464,0.0240132422951591,0.0200463618693318,"CXCL9/CXCL10/CCL8/CXCL11",4
"GO:0000022","mitotic spindle elongation","2/104","12/18842",0.166666666666667,30.1955128205128,7.53682789529744,0.00192092027631028,0.024134991185927,0.0201479983868635,"BIRC5/KIF4A",2
"GO:0002218","activation of innate immune response","7/104","326/18842",0.0214723926380368,3.89021944313355,3.92168818166535,0.0022066480452801,0.0274406263002949,0.0229075573375491,"OAS3/OAS1/GBP5/RSAD2/IFIH1/OASL/DDX60",7
"GO:0048247","lymphocyte chemotaxis","3/104","47/18842",0.0638297872340425,11.5642389525368,5.40222921243468,0.00222059010525173,0.0274406263002949,0.0229075573375491,"SAA1/CXCL10/CXCL11",3
"GO:0051255","spindle midzone assembly","2/104","13/18842",0.153846153846154,27.8727810650888,7.22067319567175,0.00226201865465763,0.0274406263002949,0.0229075573375491,"BIRC5/KIF4A",2
"GO:0060330","regulation of response to type II interferon","2/104","13/18842",0.153846153846154,27.8727810650888,7.22067319567175,0.00226201865465763,0.0274406263002949,0.0229075573375491,"PARP9/PARP14",2
"GO:0060334","regulation of type II interferon-mediated signaling pathway","2/104","13/18842",0.153846153846154,27.8727810650888,7.22067319567175,0.00226201865465763,0.0274406263002949,0.0229075573375491,"PARP9/PARP14",2
"GO:0002833","positive regulation of response to biotic stimulus","8/104","424/18842",0.0188679245283019,3.41835994194485,3.75223181609429,0.00241602222649979,0.0291081034000899,0.0242995746645076,"OAS3/OAS1/GBP5/RSAD2/IFIH1/OASL/PARP9/DDX60",8
"GO:1990868","response to chemokine","4/104","103/18842",0.0388349514563107,7.03584764749813,4.57604938743682,0.00254829960134963,0.0302868851268513,0.0252836269123949,"CXCL9/CXCL10/CCL8/CXCL11",4
"GO:1990869","cellular response to chemokine","4/104","103/18842",0.0388349514563107,7.03584764749813,4.57604938743682,0.00254829960134963,0.0302868851268513,0.0252836269123949,"CXCL9/CXCL10/CCL8/CXCL11",4
"GO:0070601","centromeric sister chromatid cohesion","2/104","14/18842",0.142857142857143,25.8818681318681,6.93828179045466,0.00262954012555818,0.0309482756524655,0.0258357586757962,"BUB1B/BUB1",2
"GO:0120162","positive regulation of cold-induced thermogenesis","4/104","104/18842",0.0384615384615385,6.96819526627219,4.54679216898226,0.00263913663892542,0.0309482756524655,0.0258357586757962,"ADIPOQ/CIDEA/LEP/FABP4",4
"GO:0034764","positive regulation of transmembrane transport","5/104","172/18842",0.0290697674418605,5.26665921288014,4.18781075424904,0.00265682722063727,0.0309493978880858,0.0258366955231021,"CXCL9/ADIPOQ/CXCL10/CXCL11/STAC2",5
"GO:2001251","negative regulation of chromosome organization","4/104","105/18842",0.0380952380952381,6.9018315018315,4.51791914644707,0.00273217263263288,0.031617708294745,0.0263946040340919,"BIRC5/CENPF/BUB1B/BUB1",4
"GO:0043270","positive regulation of monoatomic ion transport","5/104","174/18842",0.028735632183908,5.20612290008842,4.15254849964583,0.00279260287604948,0.0321058069213793,0.0268020709466049,"CXCL9/CXCL10/CXCL11/LEP/STAC2",5
"GO:0051785","positive regulation of nuclear division","3/104","52/18842",0.0576923076923077,10.4522928994083,5.08490073908978,0.00296680453798972,0.033887072612493,0.028289079497578,"DLGAP5/AURKA/UBE2C",3
"GO:0032355","response to estradiol","4/104","108/18842",0.037037037037037,6.71011396011396,4.43351745583651,0.00302473631605671,0.0343258785802823,0.028655396678432,"SFRP1/LEP/CCNA2/CRYAB",4
"GO:0032506","cytokinetic process","3/104","53/18842",0.0566037735849057,10.2550798258345,5.02658808724911,0.00313231267605501,0.0353188333152613,0.0294843197239996,"ANLN/CEP55/KIF20A",3
"GO:1901989","positive regulation of cell cycle phase transition","4/104","110/18842",0.0363636363636364,6.58811188811189,4.37901455144057,0.00323125168045872,0.0362023675536745,0.0302218980505526,"DLGAP5/BIRC5/RRM2/UBE2C",4
"GO:0009263","deoxyribonucleotide biosynthetic process","2/104","16/18842",0.125,22.6466346153846,6.45324833180551,0.00344266915427495,0.0374296250246369,0.0312464180661072,"CMPK2/RRM2",2
"GO:0009265","2'-deoxyribonucleotide biosynthetic process","2/104","16/18842",0.125,22.6466346153846,6.45324833180551,0.00344266915427495,0.0374296250246369,0.0312464180661072,"CMPK2/RRM2",2
"GO:0046385","deoxyribose phosphate biosynthetic process","2/104","16/18842",0.125,22.6466346153846,6.45324833180551,0.00344266915427495,0.0374296250246369,0.0312464180661072,"CMPK2/RRM2",2
"GO:0090209","negative regulation of triglyceride metabolic process","2/104","16/18842",0.125,22.6466346153846,6.45324833180551,0.00344266915427495,0.0374296250246369,0.0312464180661072,"CIDEC/PLIN1",2
"GO:0071621","granulocyte chemotaxis","4/104","112/18842",0.0357142857142857,6.47046703296703,4.32585098458178,0.00344718547697054,0.0374296250246369,0.0312464180661072,"SAA1/CXCL9/CXCL10/CCL8",4
"GO:1904427","positive regulation of calcium ion transmembrane transport","3/104","55/18842",0.0545454545454545,9.88216783216783,4.91449196414369,0.00348008557567952,0.0375550339117809,0.0313511099649528,"CXCL9/CXCL10/CXCL11",3
"GO:1904064","positive regulation of cation transmembrane transport","4/104","115/18842",0.0347826086956522,6.30167224080268,4.24849114494406,0.0037891900042184,0.0406413732769523,0.0339275998452161,"CXCL9/CXCL10/CXCL11/STAC2",4
"GO:0044320","cellular response to leptin stimulus","2/104","17/18842",0.117647058823529,21.3144796380091,6.24266022155859,0.00388769113013186,0.0409487945982152,0.0341842365366148,"LEP/CCNA2",2
"GO:0072567","chemokine (C-X-C motif) ligand 2 production","2/104","17/18842",0.117647058823529,21.3144796380091,6.24266022155859,0.00388769113013186,0.0409487945982152,0.0341842365366148,"OAS3/OAS1",2
"GO:2000341","regulation of chemokine (C-X-C motif) ligand 2 production","2/104","17/18842",0.117647058823529,21.3144796380091,6.24266022155859,0.00388769113013186,0.0409487945982152,0.0341842365366148,"OAS3/OAS1",2
"GO:0019730","antimicrobial humoral response","5/104","189/18842",0.0264550264550265,4.79293854293854,3.90426592114715,0.00397613213102306,0.0413847125353228,0.0345481427765628,"CXCL9/CXCL10/CCL8/CXCL11/IGHG1",5
"GO:0045926","negative regulation of growth","5/104","189/18842",0.0264550264550265,4.79293854293854,3.90426592114715,0.00397613213102306,0.0413847125353228,0.0345481427765628,"BST2/RBP4/SFRP1/CRYAB/SCGB3A1",5
"GO:0000075","cell cycle checkpoint signaling","5/104","191/18842",0.0261780104712042,4.74275070479259,3.87314316666825,0.00415734920999214,0.0430163368257422,0.0359102300181984,"BIRC5/CENPF/BUB1B/BUB1/PARP9",5
"GO:0034767","positive regulation of monoatomic ion transmembrane transport","4/104","119/18842",0.0336134453781513,6.08985132514544,4.1495202271317,0.00428003949908025,0.0431809734673204,0.0360476694215685,"CXCL9/CXCL10/CXCL11/STAC2",4
"GO:0010638","positive regulation of organelle organization","8/104","466/18842",0.0171673819742489,3.11026741498845,3.43646549314898,0.00428402934962368,0.0431809734673204,0.0360476694215685,"DLGAP5/NCAPG/SFRP1/NEK2/BUB1/AURKA/SYT13/UBE2C",8
"GO:0001562","response to protozoan","2/104","18/18842",0.111111111111111,20.1303418803419,6.04936868744356,0.0043579650003758,0.0431809734673204,0.0360476694215685,"BATF2/GBP1",2
"GO:0042832","defense response to protozoan","2/104","18/18842",0.111111111111111,20.1303418803419,6.04936868744356,0.0043579650003758,0.0431809734673204,0.0360476694215685,"BATF2/GBP1",2
"GO:0045842","positive regulation of mitotic metaphase/anaphase transition","2/104","18/18842",0.111111111111111,20.1303418803419,6.04936868744356,0.0043579650003758,0.0431809734673204,0.0360476694215685,"DLGAP5/UBE2C",2
"GO:0051177","meiotic sister chromatid cohesion","2/104","18/18842",0.111111111111111,20.1303418803419,6.04936868744356,0.0043579650003758,0.0431809734673204,0.0360476694215685,"BUB1B/BUB1",2
"GO:2000811","negative regulation of anoikis","2/104","18/18842",0.111111111111111,20.1303418803419,6.04936868744356,0.0043579650003758,0.0431809734673204,0.0360476694215685,"CEACAM5/CEACAM6",2
"GO:0001932","regulation of protein phosphorylation","7/104","369/18842",0.018970189701897,3.43688763810715,3.52198092862095,0.00436964939009837,0.0431809734673204,0.0360476694215685,"HERC5/ADIPOQ/SFRP1/TPX2/LEP/PARP9/PARP14",7
"GO:0050688","regulation of defense response to virus","3/104","60/18842",0.05,9.05865384615385,4.65772920518643,0.00444990772125148,0.0437284228026891,0.0365046825706899,"STAT1/HERC5/PARP9",3
"GO:0050000","chromosome localization","4/104","123/18842",0.032520325203252,5.89180737961226,4.05496965514467,0.00481214721615633,0.0470253719623277,0.0392569904475911,"DLGAP5/BIRC5/CENPF/NEK2",4
"GO:1902101","positive regulation of metaphase/anaphase transition of cell cycle","2/104","19/18842",0.105263157894737,19.0708502024291,5.87107992120261,0.0048532039105803,0.0471645617608329,0.0393731867127626,"DLGAP5/UBE2C",2
